result_rank,as_of_date,backtest_as_of_date,stock_code,stock_name,sector,sub_sector,ai_exposure,composite_score,momentum_score,growth_score,valuation_score,quality_score,volatility_score,data_provider,provider_adjustment,liquidity_score,risk_adjusted_momentum,return_acceleration,growth_data_coverage,quality_data_coverage,rank,target_weight,position_value,recommendation,backtest_selected_count,backtest_avg_rank,backtest_avg_weight,backtest_avg_signal_score,backtest_avg_holding_return,backtest_total_contribution,backtesting_score
1,2026-05-26,2026-05-08,002281.SZ,光迅科技,中游-光模块,光器件,高,68.79204996329142,90.23085790787904,87.41071428571429,50.0,48.92478023193753,25.148809523809526,baostock,qfq,88.11348449302096,2.7842255848641004,12.206240360484955,0.0,0.0,2,0.06857142857142856,6.857142857142856,核心配置,2,4.5,0.07542843144196093,69.42198550020231,0.48203549115812494,0.0778614548054242,48.20354911581249
2,2026-05-26,2026-05-08,301308.SZ,江波龙,上游-存储器,存储模组+企业级SSD,高,62.686727356746914,81.78109471530063,87.0,50.0,41.20715576404601,14.360119047619046,baostock,qfq,79.24955884585621,0.9930217660741685,19.981657466181105,0.0,0.0,12,0.02,2.0,卫星配置,3,6.333333333333333,0.05312120430501908,64.37381104586333,0.27341657476475323,0.043572653185370944,27.341657476475323
3,2026-05-26,2026-05-08,688008.SH,澜起科技,中游-芯片,内存接口芯片,高,68.38250511903048,89.16457366885253,87.0,60.0,43.22370415247076,24.330357142857142,baostock,qfq,85.05356473594863,0.8593966395060406,53.01078355792499,0.0,0.0,3,0.06612244897959184,6.612244897959184,核心配置,1,7.0,0.06060922575225841,67.28068609680903,0.21332948643969973,0.01292973500323711,21.332948643969974
4,2026-05-26,2026-05-08,300502.SZ,新易盛,中游-光模块,光模块,高,57.01861672635637,60.23889874834163,78.57142857142858,50.0,46.99292825775044,26.450892857142858,baostock,qfq,76.1755787887522,1.0885032468643527,-19.87886033391029,0.0,0.0,19,0.02,2.0,卫星配置,1,9.0,0.08166520719825568,62.52826454824148,0.18731370246590262,0.015297012322950353,18.731370246590263
5,2026-05-26,2026-05-08,688017.SH,绿的谐波,智能机器人,机器人减速器,高,69.7836088426302,87.89267459551165,87.0,55.00000000000001,50.2601731724524,41.85267857142857,baostock,qfq,78.78503972343367,0.7693893054585013,41.98407033893968,0.0,0.0,1,0.0710204081632653,7.10204081632653,核心配置,1,12.0,0.056878264587496764,62.32856835116607,0.17343387470997684,0.009864617814188827,17.343387470997683
6,2026-05-26,2026-05-08,300476.SZ,胜宏科技,上游-PCB/CCL,AI服务器PCB,高,61.02178733471353,64.27103226068036,70.32142857142858,50.0,54.652850733788966,44.19642857142857,baostock,qfq,83.42050366894483,0.7392978214097562,-2.857268010577462,0.0,0.0,15,0.02,2.0,卫星配置,1,10.0,0.058223078918790035,63.80224819311515,0.09184450059362526,0.005347469606319501,9.184450059362526
7,2026-05-26,2026-05-08,688041.SH,海光信息,中游-芯片,CPU+DCU,高,59.753346569333544,69.5682978830349,76.07142857142857,60.0,42.96823471908936,36.56994047619048,baostock,qfq,62.215019272718635,0.5201072292667772,16.237864029366143,0.0,0.0,17,0.02,2.0,卫星配置,1,5.0,0.06099324387732128,67.70697438225008,0.09124050632911396,0.005565054454021923,9.124050632911395
8,2026-05-26,2026-05-08,002415.SZ,海康威视,下游-AI应用,安防+AI,高,50.781609401722534,33.801421241990056,48.39285714285714,50.0,62.96715560283238,92.5967261904762,baostock,qfq,40.29150718082854,0.07973663093993019,-2.530789223478421,0.0,0.0,33,0.011111111111111112,1.1111111111111112,观察,2,6.0,0.07160491529712901,64.90643687753453,0.08628693106828594,0.014605324163476539,8.628693106828594
9,2026-05-26,2026-05-08,300548.SZ,长芯博创,中游-光模块,光模块+硅光,高,45.741410904733264,32.33226643543268,76.21428571428572,50.0,41.68158634055597,10.90029761904762,baostock,qfq,76.83241086944648,0.6112385725749001,-28.099603888454915,0.0,0.0,43,0.0,0.0,不配置,1,11.0,0.05756531948485017,64.99479939608028,0.0702014102614048,0.004041166609984807,7.020141026140481
10,2026-05-26,2026-05-08,688256.SH,寒武纪-U,中游-芯片,AI芯片设计,高,64.54346363423774,86.77462282966832,84.42857142857142,60.0,38.992749342988375,18.191964285714285,baostock,qfq,72.29044773882427,1.453209817265328,24.960809938584173,0.0,0.0,8,0.053877551020408164,5.387755102040816,核心配置,1,6.0,0.0607684188258674,67.45740208486755,0.03731322686443872,0.002267465797842819,3.731322686443872
11,2026-05-26,2026-05-08,300308.SZ,中际旭创,中游-光模块,光模块龙头,高,61.67242530822383,67.43785544574487,83.28571428571429,50.0,51.5785993819393,45.424107142857146,baostock,qfq,65.90080940969648,1.6416976306987068,-9.085580450043487,0.0,0.0,13,0.02,2.0,卫星配置,1,8.0,0.060583547199999026,68.40256481166904,0.03323615160349824,0.0020135639594168592,3.3236151603498243
12,2026-05-26,2026-05-08,002916.SZ,深南电路,上游-PCB/CCL,服务器PCB+封装基板,高,63.15286603964509,81.1758703715208,77.39285714285714,50.0,48.38296239741264,39.02529761904763,baostock,qfq,61.120541153729825,0.8624106076688433,14.511755742309866,0.0,0.0,10,0.04897959183673469,4.8979591836734695,核心配置,1,9.0,0.05908920098822926,64.75136555801737,0.025184000000000095,0.0014881024376875711,2.5184000000000095
13,2026-05-26,2026-05-08,601985.SH,中国核电,上游-能源,核电+新能源,中,53.42213974753698,39.95670995670996,46.78571428571429,50.0,64.99979843340162,97.76785714285715,baostock,qfq,41.40524216700811,0.12579645888725263,-3.0836253894081067,0.0,0.0,24,0.02,2.0,卫星配置,1,1.0,0.14443159728047839,69.49981325087263,-0.006629834254143763,-0.0009575575510308127,-0.6629834254143763
14,2026-05-26,2026-05-08,600845.SH,宝信软件,中游-数据平台,IDC运营,中,44.29122234091795,30.12369928142731,38.214285714285715,45.0,56.05657661131189,69.5684523809524,baostock,qfq,46.038091389892756,-0.16492143228445053,-1.3753659182902203,0.0,0.0,47,0.0,0.0,不配置,1,3.0,0.12648509855601753,63.56382502328916,-0.013913043478261278,-0.0017597926755620345,-1.3913043478261278
15,2026-05-26,2026-05-08,002594.SZ,比亚迪,下游-智能驾驶,新能源车+智能驾驶,高,52.34711287070271,36.1117388931097,55.00000000000001,50.0,61.98449891212012,85.0074404761905,baostock,qfq,48.65947372726724,0.1789630371590296,-7.436905932268194,0.0,0.0,30,0.011111111111111112,1.1111111111111112,观察,1,4.0,0.09636109178724095,73.78040228077298,-0.021567695961995148,-0.0020782867302331204,-2.156769596199515
16,2026-05-26,2026-05-08,603881.SH,数据港,中游-数据平台,IDC运营,高,43.447257562509904,30.016423738499668,45.71428571428571,45.0,49.26391593606532,31.99404761904762,baostock,qfq,77.82999634699325,-0.03889870348734377,-3.1630562150091484,0.0,0.0,50,0.0,0.0,不配置,1,7.0,0.08492722867620367,65.05420287675396,-0.037046699713019215,-0.0031462735382262316,-3.7046699713019215
17,2026-05-26,2026-05-08,300383.SZ,光环新网,中游-数据平台,IDC运营+云服务,高,42.50608895892734,24.789161440327725,52.14285714285714,45.0,48.730276007714934,31.510416666666664,baostock,qfq,76.00815087190804,-0.009498493259103303,-11.469610352502498,0.0,0.0,51,0.0,0.0,不配置,1,5.0,0.08858767276777876,67.8581007109837,-0.07126168224299079,-0.006312906587423499,-7.126168224299079
18,2026-05-26,2026-05-08,300594.SZ,朗进科技,上游-液冷技术,精密空调,中,30.945462086522202,18.14683247982964,29.66071428571429,50.0,36.567865846533294,10.602678571428575,baostock,qfq,51.78464173266646,-0.4736232691603287,-22.80402728814731,0.0,0.0,56,0.0,0.0,不配置,2,1.5,0.12908330416350414,45.66437584128517,-0.12131487653901102,-0.031319450215686225,-12.131487653901102
19,2026-05-26,2026-05-08,002747.SZ,埃斯顿,智能机器人,工业机器人,高,68.10027712691841,81.19394685539433,72.85714285714286,55.00000000000001,56.76492077743182,72.20982142857144,baostock,qfq,59.89555343385172,0.47674933040991047,29.135728431130033,0.0,0.0,4,0.0636734693877551,6.36734693877551,核心配置,0,,,,,,
20,2026-05-26,2026-05-08,002409.SZ,雅克科技,上游-半导体材料,存储材料+前驱体,高,67.85849071162282,83.31080709084704,73.85714285714286,50.0,55.70529772256755,46.09375000000001,baostock,qfq,85.36242611283774,0.6566966910633523,28.84151506307265,0.0,0.0,5,0.061224489795918366,6.122448979591836,核心配置,0,,,,,,
21,2026-05-26,2026-05-08,600183.SH,生益科技,上游-PCB/CCL,高频高速覆铜板,高,66.44875151701743,88.03121117392726,80.33928571428572,50.0,49.238985643647915,36.38392857142857,baostock,qfq,70.02305321823958,1.245245228716148,29.218988251346975,0.0,0.0,6,0.05877551020408163,5.877551020408163,核心配置,0,,,,,,
22,2026-05-26,2026-05-08,300607.SZ,拓斯达,智能机器人,工业机器人,高,64.78855674477005,73.25617066481881,69.0,55.00000000000001,54.56720490453567,55.617559523809526,baostock,qfq,77.3650861203632,0.2220207139159425,20.91292278443509,0.0,0.0,7,0.056326530612244886,5.632653061224489,核心配置,0,,,,,,
23,2026-05-26,2026-05-08,603256.SH,宏和科技,上游-PCB/CCL,低介电电子布/电子纱,高,63.578590383394804,89.0851134979452,86.82142857142858,50.0,41.500380222056876,19.60565476190476,baostock,qfq,60.69200527695107,1.553976966108235,22.444403941894286,0.0,0.0,9,0.05142857142857143,5.142857142857142,核心配置,1,8.0,0.0,65.4468241020346,,0.0,
24,2026-05-26,2026-05-08,300602.SZ,飞荣达,上游-液冷技术,散热解决方案,中,62.782208003412904,78.70626346026462,69.73214285714286,50.0,50.50958984843563,38.61607142857142,baostock,qfq,72.46982424217815,0.44567758497626575,19.251778320763183,0.0,0.0,11,0.02,2.0,卫星配置,0,,,,,,
25,2026-05-26,2026-05-08,300124.SZ,汇川技术,智能机器人,工业自动化,高,61.45332753109935,69.9834625057814,62.57142857142857,55.00000000000001,53.638070019726044,65.14136904761905,baostock,qfq,55.808235849435285,0.1599323340978088,15.806457070562661,0.0,0.0,14,0.02,2.0,卫星配置,0,,,,,,
26,2026-05-26,2026-05-08,301018.SZ,申菱环境,上游-液冷技术,特种空调,高,60.67344370023269,80.35591926256527,82.69642857142858,50.0,41.07833937760035,11.235119047619047,baostock,qfq,73.23023855466842,0.8976189043003656,8.037031221258616,0.0,0.0,16,0.02,2.0,卫星配置,0,,,,,,
27,2026-05-26,2026-05-08,300496.SZ,中科创达,下游-AI应用,智能操作系统,高,58.99606999739189,66.74505315566458,50.0,50.0,56.715415225479106,59.70982142857143,baostock,qfq,66.58488862739551,-0.003666121161710889,11.761003789069713,0.0,0.0,18,0.02,2.0,卫星配置,0,,,,,,
28,2026-05-26,2026-05-08,300499.SZ,高澜股份,上游-液冷技术,液冷解决方案,高,56.55008497659926,55.50755053414019,72.67857142857144,50.0,50.020641829489875,30.245535714285722,baostock,qfq,84.67352164744939,0.614090265826683,-11.101747044369082,0.0,0.0,20,0.02,2.0,卫星配置,0,,,,,,
29,2026-05-26,2026-05-08,002405.SZ,四维图新,下游-智能驾驶,高精地图,高,55.28221794033594,53.40481655549762,44.39285714285715,50.0,59.77958001342991,73.2514880952381,baostock,qfq,58.20779590048285,-0.24995245609494296,7.720640932206317,0.0,0.0,21,0.02,2.0,卫星配置,0,,,,,,
30,2026-05-26,2026-05-08,300394.SZ,天孚通信,中游-光模块,光器件,高,54.97946201206242,62.441872069435405,73.26785714285714,50.0,42.54627351808625,10.342261904761905,baostock,qfq,82.13240925709792,0.14824252157461915,1.3407957399463806,0.0,0.0,22,0.02,2.0,卫星配置,0,,,,,,
31,2026-05-26,2026-05-08,300474.SZ,景嘉微,中游-芯片,国产GPU,高,53.90895219722111,57.42658221740303,40.714285714285715,60.0,48.997407237731366,55.952380952380956,baostock,qfq,61.791151320729824,-0.17612733968666566,10.8666692051264,0.0,0.0,23,0.02,2.0,卫星配置,0,,,,,,
32,2026-05-26,2026-05-08,600406.SH,国电南瑞,上游-电力设备,电力自动化,中,53.17977890734235,40.70894856757909,43.07142857142857,45.0,69.9771952173469,90.62500000000003,baostock,qfq,46.98441007884951,-0.0690288135956471,-2.0321477139682207,0.0,0.0,25,0.02,2.0,卫星配置,0,,,,,,
33,2026-05-26,2026-05-08,688047.SH,龙芯中科,中游-芯片,国产CPU,高,53.12840464881413,57.290153413520976,65.14285714285714,60.0,40.29195377331395,26.971726190476193,baostock,qfq,64.14366679618858,0.059002172702458874,13.738763415885817,0.0,0.0,26,0.011111111111111112,1.1111111111111112,观察,0,,,,,,
34,2026-05-26,2026-05-08,002527.SZ,新时达,智能机器人,自动化控制,中,52.89767797911938,56.17753356085642,33.0,55.00000000000001,53.526006932139815,63.764880952380956,baostock,qfq,57.62728429196395,-0.3510071793369543,10.758344314948925,0.0,0.0,27,0.011111111111111112,1.1111111111111112,观察,0,,,,,,
35,2026-05-26,2026-05-08,603019.SH,中科曙光,上游-算力基础设施,服务器与存储,高,52.694324081677905,53.22389781868801,44.64285714285714,50.0,53.32833329642868,47.32142857142857,baostock,qfq,71.32916648214339,0.126507420982707,3.216320614611301,0.0,0.0,28,0.011111111111111112,1.1111111111111112,观察,0,,,,,,
36,2026-05-26,2026-05-08,002837.SZ,英维克,上游-液冷技术,精密温控设备,高,52.66617209895875,52.4162166637671,58.535714285714285,50.0,49.126612183428634,33.035714285714285,baostock,qfq,75.32056091714318,-0.041394470905111745,2.7400067908608348,0.0,0.0,29,0.011111111111111112,1.1111111111111112,观察,0,,,,,,
37,2026-05-26,2026-05-08,002236.SZ,大华股份,下游-AI应用,安防AI,高,51.397210285629875,42.391603743222305,35.0,50.0,62.79183247727393,90.32738095238095,baostock,qfq,43.386245719703,-0.18432209386161522,-1.1321550430121359,0.0,0.0,31,0.011111111111111112,1.1111111111111112,观察,0,,,,,,
38,2026-05-26,2026-05-08,002230.SZ,科大讯飞,中游-大模型,智能语音+AI大模型,高,50.83311477340718,40.25928743203228,37.839285714285715,65.0,48.93557139507922,77.23214285714286,baostock,qfq,58.19107121924512,-0.42246165754201365,3.2687541074915822,0.0,0.0,32,0.011111111111111112,1.1111111111111112,观察,0,,,,,,
39,2026-05-26,2026-05-08,300033.SZ,同花顺,下游-AI金融,互联网金融信息,高,50.05430263220139,37.03042074106197,46.25,45.0,62.18682705478126,55.952380952380956,baostock,qfq,72.25072903688454,0.0313603452835761,-5.388967798540774,0.0,0.0,34,0.011111111111111112,1.1111111111111112,观察,0,,,,,,
40,2026-05-26,2026-05-08,000400.SZ,许继电气,上游-电力设备,电力二次设备,中,49.8375994376353,45.679788464823275,29.57142857142857,45.0,63.31217161528771,69.90327380952381,baostock,qfq,52.95186908464111,-0.35268249885812847,6.850341504684088,0.0,0.0,35,0.0,0.0,观察,0,,,,,,
41,2026-05-26,2026-05-08,002920.SZ,德赛西威,下游-智能驾驶,域控制器龙头,高,49.502822974809966,46.40408335326565,39.67857142857143,50.0,54.1307585779208,60.15625000000001,baostock,qfq,52.88035538960399,-0.2903777042396836,5.546193435184073,0.0,0.0,36,0.0,0.0,观察,0,,,,,,
42,2026-05-26,2026-05-08,600089.SH,特变电工,上游-电力设备,变压器,中,48.92496865188639,33.632573672195505,37.767857142857146,45.0,65.61658252713366,70.38690476190476,baostock,qfq,62.58010997181966,-0.23543369872707778,0.32065532247416906,0.0,0.0,37,0.0,0.0,观察,0,,,,,,
43,2026-05-26,2026-05-08,002028.SZ,思源电气,上游-电力设备,输配电设备,中,48.47314389465476,37.98521500807676,45.00000000000001,45.0,60.293530271861975,61.83035714285714,baostock,qfq,53.358376235736245,-0.17306629379788846,-5.1322466118615715,0.0,0.0,38,0.0,0.0,观察,0,,,,,,
44,2026-05-26,2026-05-08,000977.SZ,浪潮信息,上游-算力基础设施,AI服务器,高,48.36163674204131,31.619289476543987,54.285714285714285,50.0,54.797929702764655,51.67410714285714,baostock,qfq,71.05996101382327,0.19752748204510592,-9.762180560674116,0.0,0.0,39,0.0,0.0,观察,0,,,,,,
45,2026-05-26,2026-05-08,600021.SH,上海电力,上游-能源,火电+新能源,中,47.986085475706574,52.814183592624595,28.035714285714285,50.0,50.54779980314987,49.293154761904766,baostock,qfq,53.975978182415986,-0.23307744486574114,6.7073662903209925,0.0,0.0,40,0.0,0.0,观察,0,,,,,,
46,2026-05-26,2026-05-08,300249.SZ,依米康,上游-液冷技术,精密空调,高,46.95554994798882,31.18611476393752,55.000000000000014,50.0,51.88511655748019,42.93154761904763,baostock,qfq,71.7953744540676,-0.03865277602868052,-4.068798175336696,0.0,0.0,41,0.0,0.0,不配置,0,,,,,,
47,2026-05-26,2026-05-08,600050.SH,中国联通,中游-数据平台,运营商+智算中心,中,46.80006234459185,36.820820414834046,26.964285714285715,45.0,60.98281143693703,86.38392857142857,baostock,qfq,41.242182184685134,-0.29383174863654665,1.7915234822451236,0.0,0.0,42,0.0,0.0,不配置,0,,,,,,
48,2026-05-26,2026-05-08,000063.SZ,中兴通讯,上游-算力基础设施,通信设备+AI服务器,高,45.67424544953776,34.19831834930394,36.60714285714286,50.0,53.745401706780825,52.641369047619065,baostock,qfq,64.10461270057075,-0.10573968499660719,-1.5417577622514056,0.0,0.0,44,0.0,0.0,不配置,0,,,,,,
49,2026-05-26,2026-05-08,600570.SH,恒生电子,下游-AI金融,金融科技,高,45.57387915785152,35.55578836396266,26.428571428571427,45.0,62.62320156640932,73.95833333333334,baostock,qfq,42.72383287761808,-0.39569603216631943,1.6900588930781018,0.0,0.0,45,0.0,0.0,不配置,0,,,,,,
50,2026-05-26,2026-05-08,002335.SZ,科华数据,上游-电力设备,UPS+能源管理,中,45.53050549600863,34.294460268016635,48.85714285714286,45.0,53.53630364090238,35.04464285714286,baostock,qfq,69.51870973137446,0.11924299679643445,-8.12948776181467,0.0,0.0,46,0.0,0.0,不配置,0,,,,,,
51,2026-05-26,2026-05-08,601360.SH,三六零,中游-大模型,AI+安全双主线,高,44.06675329071629,31.337402627213443,35.75,65.0,43.580245024738666,68.67559523809524,baostock,qfq,39.694239737949985,-0.33375765241432237,2.4411507255635123,0.0,0.0,48,0.0,0.0,不配置,0,,,,,,
52,2026-05-26,2026-05-08,601877.SH,正泰电器,上游-电力设备,低压电器,中,43.69211225295277,24.756433816947844,38.25,45.0,60.96157844356881,64.99255952380953,baostock,qfq,50.86110466773699,-0.1356459190203957,-5.977346435209922,0.0,0.0,49,0.0,0.0,不配置,0,,,,,,
53,2026-05-26,2026-05-08,688111.SH,金山办公,下游-AI办公,办公软件,高,41.9799538430632,31.2565563949785,26.125000000000004,50.0,52.385325708568885,56.47321428571429,baostock,qfq,50.59850354284441,-0.3887653220871418,3.9461114534542703,0.0,0.0,52,0.0,0.0,不配置,0,,,,,,
54,2026-05-26,2026-05-08,300624.SZ,万兴科技,下游-AI办公,数字创意软件,高,37.23754715467567,24.320093339561414,29.66071428571429,50.0,45.079242922377695,30.84077380952381,baostock,qfq,58.924860445221825,-0.35937351888674807,-2.4703898177197754,0.0,0.0,53,0.0,0.0,不配置,0,,,,,,
55,2026-05-26,2026-05-08,300364.SZ,中文在线,中游-大模型,AI语料库,高,36.79364561744324,15.194346265548793,47.589285714285715,65.0,33.7809337081299,16.96428571428572,baostock,qfq,68.9433356758119,-0.22323949529256046,-7.177179237396325,0.0,0.0,54,0.0,0.0,不配置,0,,,,,,
56,2026-05-26,2026-05-08,002602.SZ,世纪华通,中游-数据平台,IDC+游戏,中,34.462160490392804,14.88732379261361,22.678571428571427,45.0,50.068372391481844,52.715773809523824,baostock,qfq,45.58925779074253,-0.6267012345693669,-7.4733495367146325,0.0,0.0,55,0.0,0.0,不配置,0,,,,,,
